-- phpMyAdmin SQL Dump
-- version 5.2.1
-- https://www.phpmyadmin.net/
--
-- Host: 127.0.0.1
-- Generation Time: Dec 14, 2023 at 12:10 AM
-- Server version: 10.4.28-MariaDB
-- PHP Version: 8.2.4

SET SQL_MODE = "NO_AUTO_VALUE_ON_ZERO";
START TRANSACTION;
SET time_zone = "+00:00";


/*!40101 SET @OLD_CHARACTER_SET_CLIENT=@@CHARACTER_SET_CLIENT */;
/*!40101 SET @OLD_CHARACTER_SET_RESULTS=@@CHARACTER_SET_RESULTS */;
/*!40101 SET @OLD_COLLATION_CONNECTION=@@COLLATION_CONNECTION */;
/*!40101 SET NAMES utf8mb4 */;

--
-- Database: `class-presentation`
--

-- --------------------------------------------------------

--
-- Table structure for table `admins`
--

CREATE TABLE `admins` (
  `id` tinyint(3) UNSIGNED NOT NULL,
  `number` tinyint(3) UNSIGNED NOT NULL,
  `name` varchar(255) NOT NULL,
  `avatar` varchar(255) NOT NULL,
  `username` varchar(255) NOT NULL,
  `password` varchar(255) NOT NULL,
  `active_portion` varchar(255) DEFAULT NULL,
  `called_at` timestamp NULL DEFAULT NULL,
  `pinged_at` timestamp NULL DEFAULT NULL,
  `created_at` timestamp NOT NULL DEFAULT current_timestamp(),
  `updated_at` timestamp NOT NULL DEFAULT current_timestamp() ON UPDATE current_timestamp()
) ENGINE=InnoDB DEFAULT CHARSET=utf8mb4 COLLATE=utf8mb4_general_ci;

--
-- Dumping data for table `admins`
--

INSERT INTO `admins` (`id`, `number`, `name`, `avatar`, `username`, `password`, `active_portion`, `called_at`, `pinged_at`, `created_at`, `updated_at`) VALUES
(1, 1, 'SUPER USER', 'no-avatar.jpg', 'admin', 'admin', NULL, NULL, NULL, '2023-02-19 07:36:32', '2023-12-13 23:07:44');

-- --------------------------------------------------------

--
-- Table structure for table `arrangements`
--

CREATE TABLE `arrangements` (
  `id` smallint(5) UNSIGNED NOT NULL,
  `event_id` smallint(5) UNSIGNED NOT NULL,
  `team_id` tinyint(3) UNSIGNED NOT NULL,
  `order` tinyint(3) UNSIGNED NOT NULL,
  `created_at` timestamp NOT NULL DEFAULT current_timestamp(),
  `updated_at` timestamp NOT NULL DEFAULT current_timestamp() ON UPDATE current_timestamp()
) ENGINE=InnoDB DEFAULT CHARSET=utf8mb4 COLLATE=utf8mb4_general_ci;

-- --------------------------------------------------------

--
-- Table structure for table `categories`
--

CREATE TABLE `categories` (
  `id` tinyint(3) UNSIGNED NOT NULL,
  `competition_id` tinyint(3) UNSIGNED NOT NULL,
  `slug` varchar(32) NOT NULL,
  `title` varchar(255) NOT NULL,
  `created_at` timestamp NOT NULL DEFAULT current_timestamp(),
  `updated_at` timestamp NOT NULL DEFAULT current_timestamp() ON UPDATE current_timestamp()
) ENGINE=InnoDB DEFAULT CHARSET=utf8mb4 COLLATE=utf8mb4_general_ci;

--
-- Dumping data for table `categories`
--

INSERT INTO `categories` (`id`, `competition_id`, `slug`, `title`, `created_at`, `updated_at`) VALUES
(6, 3, 'year-end-party', 'Year End Party', '2023-12-13 21:57:50', '2023-12-13 21:57:50');

-- --------------------------------------------------------

--
-- Table structure for table `competitions`
--

CREATE TABLE `competitions` (
  `id` tinyint(3) UNSIGNED NOT NULL,
  `slug` varchar(32) NOT NULL,
  `title` varchar(255) NOT NULL,
  `created_at` timestamp NOT NULL DEFAULT current_timestamp(),
  `updated_at` timestamp NOT NULL DEFAULT current_timestamp() ON UPDATE current_timestamp()
) ENGINE=InnoDB DEFAULT CHARSET=utf8mb4 COLLATE=utf8mb4_general_ci;

--
-- Dumping data for table `competitions`
--

INSERT INTO `competitions` (`id`, `slug`, `title`, `created_at`, `updated_at`) VALUES
(3, 'class-presentation', 'Class Presentation 2023', '2023-12-13 21:56:26', '2023-12-13 21:56:26');

-- --------------------------------------------------------

--
-- Table structure for table `criteria`
--

CREATE TABLE `criteria` (
  `id` smallint(5) UNSIGNED NOT NULL,
  `event_id` smallint(5) UNSIGNED NOT NULL,
  `title` varchar(255) NOT NULL,
  `percentage` float UNSIGNED NOT NULL,
  `created_at` timestamp NOT NULL DEFAULT current_timestamp(),
  `updated_at` timestamp NOT NULL DEFAULT current_timestamp() ON UPDATE current_timestamp()
) ENGINE=InnoDB DEFAULT CHARSET=utf8mb4 COLLATE=utf8mb4_general_ci;

--
-- Dumping data for table `criteria`
--

INSERT INTO `criteria` (`id`, `event_id`, `title`, `percentage`, `created_at`, `updated_at`) VALUES
(53, 12, 'Originality', 30, '2023-12-13 22:00:00', '2023-12-13 22:00:00'),
(54, 12, 'Unity', 20, '2023-12-13 22:00:10', '2023-12-13 22:00:10'),
(55, 12, 'Creativity', 20, '2023-12-13 22:00:26', '2023-12-13 22:00:26'),
(56, 12, 'Mastery', 20, '2023-12-13 22:00:35', '2023-12-13 22:00:35'),
(57, 12, 'Audience Impact', 10, '2023-12-13 22:00:45', '2023-12-13 22:00:45');

-- --------------------------------------------------------

--
-- Table structure for table `deductions`
--

CREATE TABLE `deductions` (
  `id` mediumint(8) UNSIGNED NOT NULL,
  `technical_id` tinyint(3) UNSIGNED NOT NULL,
  `event_id` smallint(5) UNSIGNED NOT NULL,
  `team_id` tinyint(3) UNSIGNED NOT NULL,
  `value` float UNSIGNED NOT NULL DEFAULT 0,
  `is_locked` tinyint(1) NOT NULL DEFAULT 0,
  `created_at` timestamp NOT NULL DEFAULT current_timestamp(),
  `updated_at` timestamp NOT NULL DEFAULT current_timestamp() ON UPDATE current_timestamp()
) ENGINE=InnoDB DEFAULT CHARSET=utf8mb4 COLLATE=utf8mb4_general_ci;

-- --------------------------------------------------------

--
-- Table structure for table `eliminations`
--

CREATE TABLE `eliminations` (
  `id` mediumint(8) UNSIGNED NOT NULL,
  `event_id` smallint(5) UNSIGNED NOT NULL,
  `team_id` tinyint(3) UNSIGNED NOT NULL,
  `created_at` timestamp NOT NULL DEFAULT current_timestamp(),
  `updated_at` timestamp NOT NULL DEFAULT current_timestamp() ON UPDATE current_timestamp()
) ENGINE=InnoDB DEFAULT CHARSET=utf8mb4 COLLATE=utf8mb4_general_ci;

-- --------------------------------------------------------

--
-- Table structure for table `events`
--

CREATE TABLE `events` (
  `id` smallint(5) UNSIGNED NOT NULL,
  `category_id` tinyint(3) UNSIGNED NOT NULL,
  `slug` varchar(32) NOT NULL,
  `title` varchar(255) NOT NULL,
  `created_at` timestamp NOT NULL DEFAULT current_timestamp(),
  `updated_at` timestamp NOT NULL DEFAULT current_timestamp() ON UPDATE current_timestamp()
) ENGINE=InnoDB DEFAULT CHARSET=utf8mb4 COLLATE=utf8mb4_general_ci;

--
-- Dumping data for table `events`
--

INSERT INTO `events` (`id`, `category_id`, `slug`, `title`, `created_at`, `updated_at`) VALUES
(12, 6, 'class-performance', 'Class Performance', '2023-12-13 21:58:15', '2023-12-13 22:20:37');

-- --------------------------------------------------------

--
-- Table structure for table `judges`
--

CREATE TABLE `judges` (
  `id` tinyint(3) UNSIGNED NOT NULL,
  `number` tinyint(3) UNSIGNED NOT NULL,
  `name` varchar(255) NOT NULL,
  `avatar` varchar(255) DEFAULT NULL,
  `username` varchar(255) NOT NULL,
  `password` varchar(255) NOT NULL,
  `active_portion` varchar(255) DEFAULT NULL,
  `called_at` timestamp NULL DEFAULT NULL,
  `pinged_at` timestamp NULL DEFAULT NULL,
  `created_at` timestamp NOT NULL DEFAULT current_timestamp(),
  `updated_at` timestamp NOT NULL DEFAULT current_timestamp() ON UPDATE current_timestamp()
) ENGINE=InnoDB DEFAULT CHARSET=utf8mb4 COLLATE=utf8mb4_general_ci;

--
-- Dumping data for table `judges`
--

INSERT INTO `judges` (`id`, `number`, `name`, `avatar`, `username`, `password`, `active_portion`, `called_at`, `pinged_at`, `created_at`, `updated_at`) VALUES
(1, 1, 'JUDGE 01', 'no-avatar.jpg', 'judge01', 'judge01', 'class-performance', NULL, '2023-12-13 23:10:15', '2023-02-19 08:58:05', '2023-12-13 23:10:15'),
(2, 2, 'JUDGE 02', 'no-avatar.jpg', 'judge02', 'judge02', NULL, NULL, NULL, '2023-02-19 08:58:16', '2023-02-26 06:04:26'),
(3, 3, 'JUDGE 03', 'no-avatar.jpg', 'judge03', 'judge03', NULL, NULL, NULL, '2023-02-19 08:58:32', '2023-02-26 06:04:28'),
(4, 4, 'JUDGE 04', 'no-avatar.jpg', 'judge04', 'judge04', NULL, NULL, NULL, '2023-02-21 05:32:22', '2023-02-26 06:04:31'),
(5, 5, 'JUDGE 05', 'no-avatar.jpg', 'judge05', 'judge05', NULL, NULL, NULL, '2023-02-21 05:32:22', '2023-02-26 06:04:33');

-- --------------------------------------------------------

--
-- Table structure for table `judge_event`
--

CREATE TABLE `judge_event` (
  `id` tinyint(3) UNSIGNED NOT NULL,
  `judge_id` tinyint(3) UNSIGNED NOT NULL,
  `event_id` smallint(5) UNSIGNED NOT NULL,
  `is_chairman` tinyint(1) NOT NULL DEFAULT 0,
  `created_at` timestamp NOT NULL DEFAULT current_timestamp(),
  `updated_at` timestamp NOT NULL DEFAULT current_timestamp() ON UPDATE current_timestamp()
) ENGINE=InnoDB DEFAULT CHARSET=utf8mb4 COLLATE=utf8mb4_general_ci;

--
-- Dumping data for table `judge_event`
--

INSERT INTO `judge_event` (`id`, `judge_id`, `event_id`, `is_chairman`, `created_at`, `updated_at`) VALUES
(56, 1, 12, 0, '2023-12-13 22:03:18', '2023-12-13 22:03:18'),
(57, 2, 12, 0, '2023-12-13 22:03:23', '2023-12-13 22:03:23'),
(58, 3, 12, 0, '2023-12-13 22:03:28', '2023-12-13 22:03:28');

-- --------------------------------------------------------

--
-- Table structure for table `noshows`
--

CREATE TABLE `noshows` (
  `id` smallint(5) UNSIGNED NOT NULL,
  `event_id` smallint(5) UNSIGNED NOT NULL,
  `team_id` tinyint(3) UNSIGNED NOT NULL,
  `created_at` timestamp NOT NULL DEFAULT current_timestamp(),
  `updated_at` timestamp NOT NULL DEFAULT current_timestamp() ON UPDATE current_timestamp()
) ENGINE=InnoDB DEFAULT CHARSET=utf8mb4 COLLATE=utf8mb4_general_ci;

-- --------------------------------------------------------

--
-- Table structure for table `participants`
--

CREATE TABLE `participants` (
  `id` smallint(5) UNSIGNED NOT NULL,
  `team_id` tinyint(3) UNSIGNED NOT NULL,
  `event_id` smallint(5) UNSIGNED NOT NULL,
  `number` smallint(5) UNSIGNED NOT NULL,
  `first_name` varchar(255) NOT NULL,
  `middle_name` varchar(255) DEFAULT NULL,
  `last_name` varchar(255) NOT NULL,
  `gender` enum('male','female') NOT NULL,
  `avatar` varchar(255) DEFAULT NULL,
  `created_at` timestamp NOT NULL DEFAULT current_timestamp(),
  `updated_at` timestamp NOT NULL DEFAULT current_timestamp() ON UPDATE current_timestamp()
) ENGINE=InnoDB DEFAULT CHARSET=utf8mb4 COLLATE=utf8mb4_general_ci;

-- --------------------------------------------------------

--
-- Table structure for table `points`
--

CREATE TABLE `points` (
  `id` smallint(5) UNSIGNED NOT NULL,
  `event_id` smallint(5) UNSIGNED NOT NULL,
  `rank` tinyint(3) UNSIGNED NOT NULL,
  `value` float UNSIGNED NOT NULL,
  `created_at` timestamp NOT NULL DEFAULT current_timestamp(),
  `updated_at` timestamp NOT NULL DEFAULT current_timestamp() ON UPDATE current_timestamp()
) ENGINE=InnoDB DEFAULT CHARSET=utf8mb4 COLLATE=utf8mb4_general_ci;

--
-- Dumping data for table `points`
--

INSERT INTO `points` (`id`, `event_id`, `rank`, `value`, `created_at`, `updated_at`) VALUES
(1, 12, 1, 0, '2023-12-13 23:09:26', '2023-12-13 23:09:26'),
(2, 12, 2, 0, '2023-12-13 23:09:26', '2023-12-13 23:09:26'),
(3, 12, 3, 0, '2023-12-13 23:09:26', '2023-12-13 23:09:26'),
(4, 12, 4, 0, '2023-12-13 23:09:26', '2023-12-13 23:09:26'),
(5, 12, 5, 0, '2023-12-13 23:09:26', '2023-12-13 23:09:26'),
(6, 12, 6, 0, '2023-12-13 23:09:26', '2023-12-13 23:09:26'),
(7, 12, 7, 0, '2023-12-13 23:09:26', '2023-12-13 23:09:26'),
(8, 12, 8, 0, '2023-12-13 23:09:26', '2023-12-13 23:09:26'),
(9, 12, 9, 0, '2023-12-13 23:09:26', '2023-12-13 23:09:26'),
(10, 12, 10, 0, '2023-12-13 23:09:26', '2023-12-13 23:09:26'),
(11, 12, 11, 0, '2023-12-13 23:09:26', '2023-12-13 23:09:26'),
(12, 12, 12, 0, '2023-12-13 23:09:26', '2023-12-13 23:09:26'),
(13, 12, 13, 0, '2023-12-13 23:09:26', '2023-12-13 23:09:26'),
(14, 12, 14, 0, '2023-12-13 23:09:26', '2023-12-13 23:09:26'),
(15, 12, 15, 0, '2023-12-13 23:09:26', '2023-12-13 23:09:26'),
(16, 12, 16, 0, '2023-12-13 23:09:26', '2023-12-13 23:09:26'),
(17, 12, 17, 0, '2023-12-13 23:09:26', '2023-12-13 23:09:26'),
(18, 12, 18, 0, '2023-12-13 23:09:26', '2023-12-13 23:09:26'),
(19, 12, 19, 0, '2023-12-13 23:09:26', '2023-12-13 23:09:26'),
(20, 12, 20, 0, '2023-12-13 23:09:26', '2023-12-13 23:09:26'),
(21, 12, 21, 0, '2023-12-13 23:09:26', '2023-12-13 23:09:26'),
(22, 12, 22, 0, '2023-12-13 23:09:26', '2023-12-13 23:09:26');

-- --------------------------------------------------------

--
-- Table structure for table `ratings`
--

CREATE TABLE `ratings` (
  `id` mediumint(8) UNSIGNED NOT NULL,
  `judge_id` tinyint(3) UNSIGNED NOT NULL,
  `criteria_id` smallint(5) UNSIGNED NOT NULL,
  `team_id` tinyint(3) UNSIGNED NOT NULL,
  `value` float UNSIGNED NOT NULL DEFAULT 0,
  `is_locked` tinyint(1) NOT NULL DEFAULT 0,
  `created_at` timestamp NOT NULL DEFAULT current_timestamp(),
  `updated_at` timestamp NOT NULL DEFAULT current_timestamp() ON UPDATE current_timestamp()
) ENGINE=InnoDB DEFAULT CHARSET=utf8mb4 COLLATE=utf8mb4_general_ci;

--
-- Dumping data for table `ratings`
--

INSERT INTO `ratings` (`id`, `judge_id`, `criteria_id`, `team_id`, `value`, `is_locked`, `created_at`, `updated_at`) VALUES
(1, 1, 53, 4, 0, 0, '2023-12-13 23:09:23', '2023-12-13 23:09:23'),
(2, 1, 54, 4, 0, 0, '2023-12-13 23:09:23', '2023-12-13 23:09:23'),
(3, 1, 55, 4, 0, 0, '2023-12-13 23:09:23', '2023-12-13 23:09:23'),
(4, 1, 56, 4, 0, 0, '2023-12-13 23:09:23', '2023-12-13 23:09:23'),
(5, 1, 57, 4, 0, 0, '2023-12-13 23:09:23', '2023-12-13 23:09:23'),
(6, 1, 53, 5, 0, 0, '2023-12-13 23:09:23', '2023-12-13 23:09:23'),
(7, 1, 54, 5, 0, 0, '2023-12-13 23:09:23', '2023-12-13 23:09:23'),
(8, 1, 55, 5, 0, 0, '2023-12-13 23:09:23', '2023-12-13 23:09:23'),
(9, 1, 56, 5, 0, 0, '2023-12-13 23:09:23', '2023-12-13 23:09:23'),
(10, 1, 57, 5, 0, 0, '2023-12-13 23:09:23', '2023-12-13 23:09:23'),
(11, 1, 53, 6, 0, 0, '2023-12-13 23:09:23', '2023-12-13 23:09:23'),
(12, 1, 54, 6, 0, 0, '2023-12-13 23:09:23', '2023-12-13 23:09:23'),
(13, 1, 55, 6, 0, 0, '2023-12-13 23:09:23', '2023-12-13 23:09:23'),
(14, 1, 56, 6, 0, 0, '2023-12-13 23:09:23', '2023-12-13 23:09:23'),
(15, 1, 57, 6, 0, 0, '2023-12-13 23:09:23', '2023-12-13 23:09:23'),
(16, 1, 53, 7, 0, 0, '2023-12-13 23:09:23', '2023-12-13 23:09:23'),
(17, 1, 54, 7, 0, 0, '2023-12-13 23:09:23', '2023-12-13 23:09:23'),
(18, 1, 55, 7, 0, 0, '2023-12-13 23:09:23', '2023-12-13 23:09:23'),
(19, 1, 56, 7, 0, 0, '2023-12-13 23:09:23', '2023-12-13 23:09:23'),
(20, 1, 57, 7, 0, 0, '2023-12-13 23:09:23', '2023-12-13 23:09:23'),
(21, 1, 53, 8, 0, 0, '2023-12-13 23:09:23', '2023-12-13 23:09:23'),
(22, 1, 54, 8, 0, 0, '2023-12-13 23:09:23', '2023-12-13 23:09:23'),
(23, 1, 55, 8, 0, 0, '2023-12-13 23:09:23', '2023-12-13 23:09:23'),
(24, 1, 56, 8, 0, 0, '2023-12-13 23:09:23', '2023-12-13 23:09:23'),
(25, 1, 57, 8, 0, 0, '2023-12-13 23:09:23', '2023-12-13 23:09:23'),
(26, 1, 53, 9, 0, 0, '2023-12-13 23:09:23', '2023-12-13 23:09:23'),
(27, 1, 54, 9, 0, 0, '2023-12-13 23:09:23', '2023-12-13 23:09:23'),
(28, 1, 55, 9, 0, 0, '2023-12-13 23:09:23', '2023-12-13 23:09:23'),
(29, 1, 56, 9, 0, 0, '2023-12-13 23:09:23', '2023-12-13 23:09:23'),
(30, 1, 57, 9, 0, 0, '2023-12-13 23:09:23', '2023-12-13 23:09:23'),
(31, 1, 53, 10, 0, 0, '2023-12-13 23:09:23', '2023-12-13 23:09:23'),
(32, 1, 54, 10, 0, 0, '2023-12-13 23:09:23', '2023-12-13 23:09:23'),
(33, 1, 55, 10, 0, 0, '2023-12-13 23:09:23', '2023-12-13 23:09:23'),
(34, 1, 56, 10, 0, 0, '2023-12-13 23:09:23', '2023-12-13 23:09:23'),
(35, 1, 57, 10, 0, 0, '2023-12-13 23:09:23', '2023-12-13 23:09:23'),
(36, 1, 53, 11, 0, 0, '2023-12-13 23:09:23', '2023-12-13 23:09:23'),
(37, 1, 54, 11, 0, 0, '2023-12-13 23:09:23', '2023-12-13 23:09:23'),
(38, 1, 55, 11, 0, 0, '2023-12-13 23:09:23', '2023-12-13 23:09:23'),
(39, 1, 56, 11, 0, 0, '2023-12-13 23:09:23', '2023-12-13 23:09:23'),
(40, 1, 57, 11, 0, 0, '2023-12-13 23:09:23', '2023-12-13 23:09:23'),
(41, 1, 53, 12, 0, 0, '2023-12-13 23:09:23', '2023-12-13 23:09:23'),
(42, 1, 54, 12, 0, 0, '2023-12-13 23:09:23', '2023-12-13 23:09:23'),
(43, 1, 55, 12, 0, 0, '2023-12-13 23:09:23', '2023-12-13 23:09:23'),
(44, 1, 56, 12, 0, 0, '2023-12-13 23:09:23', '2023-12-13 23:09:23'),
(45, 1, 57, 12, 0, 0, '2023-12-13 23:09:23', '2023-12-13 23:09:23'),
(46, 1, 53, 13, 0, 0, '2023-12-13 23:09:23', '2023-12-13 23:09:23'),
(47, 1, 54, 13, 0, 0, '2023-12-13 23:09:23', '2023-12-13 23:09:23'),
(48, 1, 55, 13, 0, 0, '2023-12-13 23:09:23', '2023-12-13 23:09:23'),
(49, 1, 56, 13, 0, 0, '2023-12-13 23:09:23', '2023-12-13 23:09:23'),
(50, 1, 57, 13, 0, 0, '2023-12-13 23:09:23', '2023-12-13 23:09:23'),
(51, 1, 53, 14, 0, 0, '2023-12-13 23:09:23', '2023-12-13 23:09:23'),
(52, 1, 54, 14, 0, 0, '2023-12-13 23:09:23', '2023-12-13 23:09:23'),
(53, 1, 55, 14, 0, 0, '2023-12-13 23:09:23', '2023-12-13 23:09:23'),
(54, 1, 56, 14, 0, 0, '2023-12-13 23:09:23', '2023-12-13 23:09:23'),
(55, 1, 57, 14, 0, 0, '2023-12-13 23:09:23', '2023-12-13 23:09:23'),
(56, 1, 53, 15, 0, 0, '2023-12-13 23:09:23', '2023-12-13 23:09:23'),
(57, 1, 54, 15, 0, 0, '2023-12-13 23:09:23', '2023-12-13 23:09:23'),
(58, 1, 55, 15, 0, 0, '2023-12-13 23:09:23', '2023-12-13 23:09:23'),
(59, 1, 56, 15, 0, 0, '2023-12-13 23:09:23', '2023-12-13 23:09:23'),
(60, 1, 57, 15, 0, 0, '2023-12-13 23:09:23', '2023-12-13 23:09:23'),
(61, 1, 53, 16, 0, 0, '2023-12-13 23:09:23', '2023-12-13 23:09:23'),
(62, 1, 54, 16, 0, 0, '2023-12-13 23:09:23', '2023-12-13 23:09:23'),
(63, 1, 55, 16, 0, 0, '2023-12-13 23:09:23', '2023-12-13 23:09:23'),
(64, 1, 56, 16, 0, 0, '2023-12-13 23:09:23', '2023-12-13 23:09:23'),
(65, 1, 57, 16, 0, 0, '2023-12-13 23:09:23', '2023-12-13 23:09:23'),
(66, 1, 53, 17, 0, 0, '2023-12-13 23:09:23', '2023-12-13 23:09:23'),
(67, 1, 54, 17, 0, 0, '2023-12-13 23:09:24', '2023-12-13 23:09:24'),
(68, 1, 55, 17, 0, 0, '2023-12-13 23:09:24', '2023-12-13 23:09:24'),
(69, 1, 56, 17, 0, 0, '2023-12-13 23:09:24', '2023-12-13 23:09:24'),
(70, 1, 57, 17, 0, 0, '2023-12-13 23:09:24', '2023-12-13 23:09:24'),
(71, 1, 53, 18, 0, 0, '2023-12-13 23:09:24', '2023-12-13 23:09:24'),
(72, 1, 54, 18, 0, 0, '2023-12-13 23:09:24', '2023-12-13 23:09:24'),
(73, 1, 55, 18, 0, 0, '2023-12-13 23:09:24', '2023-12-13 23:09:24'),
(74, 1, 56, 18, 0, 0, '2023-12-13 23:09:24', '2023-12-13 23:09:24'),
(75, 1, 57, 18, 0, 0, '2023-12-13 23:09:24', '2023-12-13 23:09:24'),
(76, 1, 53, 19, 0, 0, '2023-12-13 23:09:24', '2023-12-13 23:09:24'),
(77, 1, 54, 19, 0, 0, '2023-12-13 23:09:24', '2023-12-13 23:09:24'),
(78, 1, 55, 19, 0, 0, '2023-12-13 23:09:24', '2023-12-13 23:09:24'),
(79, 1, 56, 19, 0, 0, '2023-12-13 23:09:24', '2023-12-13 23:09:24'),
(80, 1, 57, 19, 0, 0, '2023-12-13 23:09:24', '2023-12-13 23:09:24'),
(81, 1, 53, 20, 0, 0, '2023-12-13 23:09:24', '2023-12-13 23:09:24'),
(82, 1, 54, 20, 0, 0, '2023-12-13 23:09:24', '2023-12-13 23:09:24'),
(83, 1, 55, 20, 0, 0, '2023-12-13 23:09:24', '2023-12-13 23:09:24'),
(84, 1, 56, 20, 0, 0, '2023-12-13 23:09:24', '2023-12-13 23:09:24'),
(85, 1, 57, 20, 0, 0, '2023-12-13 23:09:24', '2023-12-13 23:09:24'),
(86, 1, 53, 21, 0, 0, '2023-12-13 23:09:24', '2023-12-13 23:09:24'),
(87, 1, 54, 21, 0, 0, '2023-12-13 23:09:24', '2023-12-13 23:09:24'),
(88, 1, 55, 21, 0, 0, '2023-12-13 23:09:24', '2023-12-13 23:09:24'),
(89, 1, 56, 21, 0, 0, '2023-12-13 23:09:24', '2023-12-13 23:09:24'),
(90, 1, 57, 21, 0, 0, '2023-12-13 23:09:24', '2023-12-13 23:09:24'),
(91, 1, 53, 22, 0, 0, '2023-12-13 23:09:24', '2023-12-13 23:09:24'),
(92, 1, 54, 22, 0, 0, '2023-12-13 23:09:24', '2023-12-13 23:09:24'),
(93, 1, 55, 22, 0, 0, '2023-12-13 23:09:24', '2023-12-13 23:09:24'),
(94, 1, 56, 22, 0, 0, '2023-12-13 23:09:24', '2023-12-13 23:09:24'),
(95, 1, 57, 22, 0, 0, '2023-12-13 23:09:24', '2023-12-13 23:09:24'),
(96, 1, 53, 23, 0, 0, '2023-12-13 23:09:24', '2023-12-13 23:09:24'),
(97, 1, 54, 23, 0, 0, '2023-12-13 23:09:24', '2023-12-13 23:09:24'),
(98, 1, 55, 23, 0, 0, '2023-12-13 23:09:24', '2023-12-13 23:09:24'),
(99, 1, 56, 23, 0, 0, '2023-12-13 23:09:24', '2023-12-13 23:09:24'),
(100, 1, 57, 23, 0, 0, '2023-12-13 23:09:24', '2023-12-13 23:09:24'),
(101, 1, 53, 24, 0, 0, '2023-12-13 23:09:24', '2023-12-13 23:09:24'),
(102, 1, 54, 24, 0, 0, '2023-12-13 23:09:24', '2023-12-13 23:09:24'),
(103, 1, 55, 24, 0, 0, '2023-12-13 23:09:24', '2023-12-13 23:09:24'),
(104, 1, 56, 24, 0, 0, '2023-12-13 23:09:24', '2023-12-13 23:09:24'),
(105, 1, 57, 24, 0, 0, '2023-12-13 23:09:24', '2023-12-13 23:09:24'),
(106, 1, 53, 25, 0, 0, '2023-12-13 23:09:24', '2023-12-13 23:09:24'),
(107, 1, 54, 25, 0, 0, '2023-12-13 23:09:24', '2023-12-13 23:09:24'),
(108, 1, 55, 25, 0, 0, '2023-12-13 23:09:24', '2023-12-13 23:09:24'),
(109, 1, 56, 25, 0, 0, '2023-12-13 23:09:24', '2023-12-13 23:09:24'),
(110, 1, 57, 25, 0, 0, '2023-12-13 23:09:24', '2023-12-13 23:09:24'),
(111, 2, 53, 4, 0, 0, '2023-12-13 23:09:24', '2023-12-13 23:09:24'),
(112, 2, 54, 4, 0, 0, '2023-12-13 23:09:24', '2023-12-13 23:09:24'),
(113, 2, 55, 4, 0, 0, '2023-12-13 23:09:24', '2023-12-13 23:09:24'),
(114, 2, 56, 4, 0, 0, '2023-12-13 23:09:24', '2023-12-13 23:09:24'),
(115, 2, 57, 4, 0, 0, '2023-12-13 23:09:24', '2023-12-13 23:09:24'),
(116, 2, 53, 5, 0, 0, '2023-12-13 23:09:24', '2023-12-13 23:09:24'),
(117, 2, 54, 5, 0, 0, '2023-12-13 23:09:24', '2023-12-13 23:09:24'),
(118, 2, 55, 5, 0, 0, '2023-12-13 23:09:24', '2023-12-13 23:09:24'),
(119, 2, 56, 5, 0, 0, '2023-12-13 23:09:24', '2023-12-13 23:09:24'),
(120, 2, 57, 5, 0, 0, '2023-12-13 23:09:24', '2023-12-13 23:09:24'),
(121, 2, 53, 6, 0, 0, '2023-12-13 23:09:24', '2023-12-13 23:09:24'),
(122, 2, 54, 6, 0, 0, '2023-12-13 23:09:24', '2023-12-13 23:09:24'),
(123, 2, 55, 6, 0, 0, '2023-12-13 23:09:24', '2023-12-13 23:09:24'),
(124, 2, 56, 6, 0, 0, '2023-12-13 23:09:24', '2023-12-13 23:09:24'),
(125, 2, 57, 6, 0, 0, '2023-12-13 23:09:24', '2023-12-13 23:09:24'),
(126, 2, 53, 7, 0, 0, '2023-12-13 23:09:24', '2023-12-13 23:09:24'),
(127, 2, 54, 7, 0, 0, '2023-12-13 23:09:24', '2023-12-13 23:09:24'),
(128, 2, 55, 7, 0, 0, '2023-12-13 23:09:24', '2023-12-13 23:09:24'),
(129, 2, 56, 7, 0, 0, '2023-12-13 23:09:24', '2023-12-13 23:09:24'),
(130, 2, 57, 7, 0, 0, '2023-12-13 23:09:24', '2023-12-13 23:09:24'),
(131, 2, 53, 8, 0, 0, '2023-12-13 23:09:24', '2023-12-13 23:09:24'),
(132, 2, 54, 8, 0, 0, '2023-12-13 23:09:24', '2023-12-13 23:09:24'),
(133, 2, 55, 8, 0, 0, '2023-12-13 23:09:24', '2023-12-13 23:09:24'),
(134, 2, 56, 8, 0, 0, '2023-12-13 23:09:24', '2023-12-13 23:09:24'),
(135, 2, 57, 8, 0, 0, '2023-12-13 23:09:24', '2023-12-13 23:09:24'),
(136, 2, 53, 9, 0, 0, '2023-12-13 23:09:24', '2023-12-13 23:09:24'),
(137, 2, 54, 9, 0, 0, '2023-12-13 23:09:24', '2023-12-13 23:09:24'),
(138, 2, 55, 9, 0, 0, '2023-12-13 23:09:24', '2023-12-13 23:09:24'),
(139, 2, 56, 9, 0, 0, '2023-12-13 23:09:24', '2023-12-13 23:09:24'),
(140, 2, 57, 9, 0, 0, '2023-12-13 23:09:24', '2023-12-13 23:09:24'),
(141, 2, 53, 10, 0, 0, '2023-12-13 23:09:24', '2023-12-13 23:09:24'),
(142, 2, 54, 10, 0, 0, '2023-12-13 23:09:24', '2023-12-13 23:09:24'),
(143, 2, 55, 10, 0, 0, '2023-12-13 23:09:24', '2023-12-13 23:09:24'),
(144, 2, 56, 10, 0, 0, '2023-12-13 23:09:24', '2023-12-13 23:09:24'),
(145, 2, 57, 10, 0, 0, '2023-12-13 23:09:24', '2023-12-13 23:09:24'),
(146, 2, 53, 11, 0, 0, '2023-12-13 23:09:24', '2023-12-13 23:09:24'),
(147, 2, 54, 11, 0, 0, '2023-12-13 23:09:24', '2023-12-13 23:09:24'),
(148, 2, 55, 11, 0, 0, '2023-12-13 23:09:24', '2023-12-13 23:09:24'),
(149, 2, 56, 11, 0, 0, '2023-12-13 23:09:24', '2023-12-13 23:09:24'),
(150, 2, 57, 11, 0, 0, '2023-12-13 23:09:24', '2023-12-13 23:09:24'),
(151, 2, 53, 12, 0, 0, '2023-12-13 23:09:24', '2023-12-13 23:09:24'),
(152, 2, 54, 12, 0, 0, '2023-12-13 23:09:24', '2023-12-13 23:09:24'),
(153, 2, 55, 12, 0, 0, '2023-12-13 23:09:24', '2023-12-13 23:09:24'),
(154, 2, 56, 12, 0, 0, '2023-12-13 23:09:24', '2023-12-13 23:09:24'),
(155, 2, 57, 12, 0, 0, '2023-12-13 23:09:24', '2023-12-13 23:09:24'),
(156, 2, 53, 13, 0, 0, '2023-12-13 23:09:24', '2023-12-13 23:09:24'),
(157, 2, 54, 13, 0, 0, '2023-12-13 23:09:24', '2023-12-13 23:09:24'),
(158, 2, 55, 13, 0, 0, '2023-12-13 23:09:24', '2023-12-13 23:09:24'),
(159, 2, 56, 13, 0, 0, '2023-12-13 23:09:24', '2023-12-13 23:09:24'),
(160, 2, 57, 13, 0, 0, '2023-12-13 23:09:24', '2023-12-13 23:09:24'),
(161, 2, 53, 14, 0, 0, '2023-12-13 23:09:24', '2023-12-13 23:09:24'),
(162, 2, 54, 14, 0, 0, '2023-12-13 23:09:24', '2023-12-13 23:09:24'),
(163, 2, 55, 14, 0, 0, '2023-12-13 23:09:24', '2023-12-13 23:09:24'),
(164, 2, 56, 14, 0, 0, '2023-12-13 23:09:24', '2023-12-13 23:09:24'),
(165, 2, 57, 14, 0, 0, '2023-12-13 23:09:24', '2023-12-13 23:09:24'),
(166, 2, 53, 15, 0, 0, '2023-12-13 23:09:24', '2023-12-13 23:09:24'),
(167, 2, 54, 15, 0, 0, '2023-12-13 23:09:24', '2023-12-13 23:09:24'),
(168, 2, 55, 15, 0, 0, '2023-12-13 23:09:24', '2023-12-13 23:09:24'),
(169, 2, 56, 15, 0, 0, '2023-12-13 23:09:24', '2023-12-13 23:09:24'),
(170, 2, 57, 15, 0, 0, '2023-12-13 23:09:24', '2023-12-13 23:09:24'),
(171, 2, 53, 16, 0, 0, '2023-12-13 23:09:24', '2023-12-13 23:09:24'),
(172, 2, 54, 16, 0, 0, '2023-12-13 23:09:24', '2023-12-13 23:09:24'),
(173, 2, 55, 16, 0, 0, '2023-12-13 23:09:24', '2023-12-13 23:09:24'),
(174, 2, 56, 16, 0, 0, '2023-12-13 23:09:24', '2023-12-13 23:09:24'),
(175, 2, 57, 16, 0, 0, '2023-12-13 23:09:24', '2023-12-13 23:09:24'),
(176, 2, 53, 17, 0, 0, '2023-12-13 23:09:24', '2023-12-13 23:09:24'),
(177, 2, 54, 17, 0, 0, '2023-12-13 23:09:24', '2023-12-13 23:09:24'),
(178, 2, 55, 17, 0, 0, '2023-12-13 23:09:24', '2023-12-13 23:09:24'),
(179, 2, 56, 17, 0, 0, '2023-12-13 23:09:24', '2023-12-13 23:09:24'),
(180, 2, 57, 17, 0, 0, '2023-12-13 23:09:24', '2023-12-13 23:09:24'),
(181, 2, 53, 18, 0, 0, '2023-12-13 23:09:24', '2023-12-13 23:09:24'),
(182, 2, 54, 18, 0, 0, '2023-12-13 23:09:24', '2023-12-13 23:09:24'),
(183, 2, 55, 18, 0, 0, '2023-12-13 23:09:25', '2023-12-13 23:09:25'),
(184, 2, 56, 18, 0, 0, '2023-12-13 23:09:25', '2023-12-13 23:09:25'),
(185, 2, 57, 18, 0, 0, '2023-12-13 23:09:25', '2023-12-13 23:09:25'),
(186, 2, 53, 19, 0, 0, '2023-12-13 23:09:25', '2023-12-13 23:09:25'),
(187, 2, 54, 19, 0, 0, '2023-12-13 23:09:25', '2023-12-13 23:09:25'),
(188, 2, 55, 19, 0, 0, '2023-12-13 23:09:25', '2023-12-13 23:09:25'),
(189, 2, 56, 19, 0, 0, '2023-12-13 23:09:25', '2023-12-13 23:09:25'),
(190, 2, 57, 19, 0, 0, '2023-12-13 23:09:25', '2023-12-13 23:09:25'),
(191, 2, 53, 20, 0, 0, '2023-12-13 23:09:25', '2023-12-13 23:09:25'),
(192, 2, 54, 20, 0, 0, '2023-12-13 23:09:25', '2023-12-13 23:09:25'),
(193, 2, 55, 20, 0, 0, '2023-12-13 23:09:25', '2023-12-13 23:09:25'),
(194, 2, 56, 20, 0, 0, '2023-12-13 23:09:25', '2023-12-13 23:09:25'),
(195, 2, 57, 20, 0, 0, '2023-12-13 23:09:25', '2023-12-13 23:09:25'),
(196, 2, 53, 21, 0, 0, '2023-12-13 23:09:25', '2023-12-13 23:09:25'),
(197, 2, 54, 21, 0, 0, '2023-12-13 23:09:25', '2023-12-13 23:09:25'),
(198, 2, 55, 21, 0, 0, '2023-12-13 23:09:25', '2023-12-13 23:09:25'),
(199, 2, 56, 21, 0, 0, '2023-12-13 23:09:25', '2023-12-13 23:09:25'),
(200, 2, 57, 21, 0, 0, '2023-12-13 23:09:25', '2023-12-13 23:09:25'),
(201, 2, 53, 22, 0, 0, '2023-12-13 23:09:25', '2023-12-13 23:09:25'),
(202, 2, 54, 22, 0, 0, '2023-12-13 23:09:25', '2023-12-13 23:09:25'),
(203, 2, 55, 22, 0, 0, '2023-12-13 23:09:25', '2023-12-13 23:09:25'),
(204, 2, 56, 22, 0, 0, '2023-12-13 23:09:25', '2023-12-13 23:09:25'),
(205, 2, 57, 22, 0, 0, '2023-12-13 23:09:25', '2023-12-13 23:09:25'),
(206, 2, 53, 23, 0, 0, '2023-12-13 23:09:25', '2023-12-13 23:09:25'),
(207, 2, 54, 23, 0, 0, '2023-12-13 23:09:25', '2023-12-13 23:09:25'),
(208, 2, 55, 23, 0, 0, '2023-12-13 23:09:25', '2023-12-13 23:09:25'),
(209, 2, 56, 23, 0, 0, '2023-12-13 23:09:25', '2023-12-13 23:09:25'),
(210, 2, 57, 23, 0, 0, '2023-12-13 23:09:25', '2023-12-13 23:09:25'),
(211, 2, 53, 24, 0, 0, '2023-12-13 23:09:25', '2023-12-13 23:09:25'),
(212, 2, 54, 24, 0, 0, '2023-12-13 23:09:25', '2023-12-13 23:09:25'),
(213, 2, 55, 24, 0, 0, '2023-12-13 23:09:25', '2023-12-13 23:09:25'),
(214, 2, 56, 24, 0, 0, '2023-12-13 23:09:25', '2023-12-13 23:09:25'),
(215, 2, 57, 24, 0, 0, '2023-12-13 23:09:25', '2023-12-13 23:09:25'),
(216, 2, 53, 25, 0, 0, '2023-12-13 23:09:25', '2023-12-13 23:09:25'),
(217, 2, 54, 25, 0, 0, '2023-12-13 23:09:25', '2023-12-13 23:09:25'),
(218, 2, 55, 25, 0, 0, '2023-12-13 23:09:25', '2023-12-13 23:09:25'),
(219, 2, 56, 25, 0, 0, '2023-12-13 23:09:25', '2023-12-13 23:09:25'),
(220, 2, 57, 25, 0, 0, '2023-12-13 23:09:25', '2023-12-13 23:09:25'),
(221, 3, 53, 4, 0, 0, '2023-12-13 23:09:25', '2023-12-13 23:09:25'),
(222, 3, 54, 4, 0, 0, '2023-12-13 23:09:25', '2023-12-13 23:09:25'),
(223, 3, 55, 4, 0, 0, '2023-12-13 23:09:25', '2023-12-13 23:09:25'),
(224, 3, 56, 4, 0, 0, '2023-12-13 23:09:25', '2023-12-13 23:09:25'),
(225, 3, 57, 4, 0, 0, '2023-12-13 23:09:25', '2023-12-13 23:09:25'),
(226, 3, 53, 5, 0, 0, '2023-12-13 23:09:25', '2023-12-13 23:09:25'),
(227, 3, 54, 5, 0, 0, '2023-12-13 23:09:25', '2023-12-13 23:09:25'),
(228, 3, 55, 5, 0, 0, '2023-12-13 23:09:25', '2023-12-13 23:09:25'),
(229, 3, 56, 5, 0, 0, '2023-12-13 23:09:25', '2023-12-13 23:09:25'),
(230, 3, 57, 5, 0, 0, '2023-12-13 23:09:25', '2023-12-13 23:09:25'),
(231, 3, 53, 6, 0, 0, '2023-12-13 23:09:25', '2023-12-13 23:09:25'),
(232, 3, 54, 6, 0, 0, '2023-12-13 23:09:25', '2023-12-13 23:09:25'),
(233, 3, 55, 6, 0, 0, '2023-12-13 23:09:25', '2023-12-13 23:09:25'),
(234, 3, 56, 6, 0, 0, '2023-12-13 23:09:25', '2023-12-13 23:09:25'),
(235, 3, 57, 6, 0, 0, '2023-12-13 23:09:25', '2023-12-13 23:09:25'),
(236, 3, 53, 7, 0, 0, '2023-12-13 23:09:25', '2023-12-13 23:09:25'),
(237, 3, 54, 7, 0, 0, '2023-12-13 23:09:25', '2023-12-13 23:09:25'),
(238, 3, 55, 7, 0, 0, '2023-12-13 23:09:25', '2023-12-13 23:09:25'),
(239, 3, 56, 7, 0, 0, '2023-12-13 23:09:25', '2023-12-13 23:09:25'),
(240, 3, 57, 7, 0, 0, '2023-12-13 23:09:25', '2023-12-13 23:09:25'),
(241, 3, 53, 8, 0, 0, '2023-12-13 23:09:25', '2023-12-13 23:09:25'),
(242, 3, 54, 8, 0, 0, '2023-12-13 23:09:25', '2023-12-13 23:09:25'),
(243, 3, 55, 8, 0, 0, '2023-12-13 23:09:25', '2023-12-13 23:09:25'),
(244, 3, 56, 8, 0, 0, '2023-12-13 23:09:25', '2023-12-13 23:09:25'),
(245, 3, 57, 8, 0, 0, '2023-12-13 23:09:25', '2023-12-13 23:09:25'),
(246, 3, 53, 9, 0, 0, '2023-12-13 23:09:25', '2023-12-13 23:09:25'),
(247, 3, 54, 9, 0, 0, '2023-12-13 23:09:25', '2023-12-13 23:09:25'),
(248, 3, 55, 9, 0, 0, '2023-12-13 23:09:25', '2023-12-13 23:09:25'),
(249, 3, 56, 9, 0, 0, '2023-12-13 23:09:25', '2023-12-13 23:09:25'),
(250, 3, 57, 9, 0, 0, '2023-12-13 23:09:25', '2023-12-13 23:09:25'),
(251, 3, 53, 10, 0, 0, '2023-12-13 23:09:25', '2023-12-13 23:09:25'),
(252, 3, 54, 10, 0, 0, '2023-12-13 23:09:25', '2023-12-13 23:09:25'),
(253, 3, 55, 10, 0, 0, '2023-12-13 23:09:25', '2023-12-13 23:09:25'),
(254, 3, 56, 10, 0, 0, '2023-12-13 23:09:25', '2023-12-13 23:09:25'),
(255, 3, 57, 10, 0, 0, '2023-12-13 23:09:25', '2023-12-13 23:09:25'),
(256, 3, 53, 11, 0, 0, '2023-12-13 23:09:25', '2023-12-13 23:09:25'),
(257, 3, 54, 11, 0, 0, '2023-12-13 23:09:25', '2023-12-13 23:09:25'),
(258, 3, 55, 11, 0, 0, '2023-12-13 23:09:25', '2023-12-13 23:09:25'),
(259, 3, 56, 11, 0, 0, '2023-12-13 23:09:25', '2023-12-13 23:09:25'),
(260, 3, 57, 11, 0, 0, '2023-12-13 23:09:25', '2023-12-13 23:09:25'),
(261, 3, 53, 12, 0, 0, '2023-12-13 23:09:25', '2023-12-13 23:09:25'),
(262, 3, 54, 12, 0, 0, '2023-12-13 23:09:25', '2023-12-13 23:09:25'),
(263, 3, 55, 12, 0, 0, '2023-12-13 23:09:25', '2023-12-13 23:09:25'),
(264, 3, 56, 12, 0, 0, '2023-12-13 23:09:25', '2023-12-13 23:09:25'),
(265, 3, 57, 12, 0, 0, '2023-12-13 23:09:25', '2023-12-13 23:09:25'),
(266, 3, 53, 13, 0, 0, '2023-12-13 23:09:25', '2023-12-13 23:09:25'),
(267, 3, 54, 13, 0, 0, '2023-12-13 23:09:25', '2023-12-13 23:09:25'),
(268, 3, 55, 13, 0, 0, '2023-12-13 23:09:25', '2023-12-13 23:09:25'),
(269, 3, 56, 13, 0, 0, '2023-12-13 23:09:25', '2023-12-13 23:09:25'),
(270, 3, 57, 13, 0, 0, '2023-12-13 23:09:25', '2023-12-13 23:09:25'),
(271, 3, 53, 14, 0, 0, '2023-12-13 23:09:25', '2023-12-13 23:09:25'),
(272, 3, 54, 14, 0, 0, '2023-12-13 23:09:25', '2023-12-13 23:09:25'),
(273, 3, 55, 14, 0, 0, '2023-12-13 23:09:25', '2023-12-13 23:09:25'),
(274, 3, 56, 14, 0, 0, '2023-12-13 23:09:25', '2023-12-13 23:09:25'),
(275, 3, 57, 14, 0, 0, '2023-12-13 23:09:25', '2023-12-13 23:09:25'),
(276, 3, 53, 15, 0, 0, '2023-12-13 23:09:25', '2023-12-13 23:09:25'),
(277, 3, 54, 15, 0, 0, '2023-12-13 23:09:25', '2023-12-13 23:09:25'),
(278, 3, 55, 15, 0, 0, '2023-12-13 23:09:25', '2023-12-13 23:09:25'),
(279, 3, 56, 15, 0, 0, '2023-12-13 23:09:25', '2023-12-13 23:09:25'),
(280, 3, 57, 15, 0, 0, '2023-12-13 23:09:25', '2023-12-13 23:09:25'),
(281, 3, 53, 16, 0, 0, '2023-12-13 23:09:25', '2023-12-13 23:09:25'),
(282, 3, 54, 16, 0, 0, '2023-12-13 23:09:25', '2023-12-13 23:09:25'),
(283, 3, 55, 16, 0, 0, '2023-12-13 23:09:25', '2023-12-13 23:09:25'),
(284, 3, 56, 16, 0, 0, '2023-12-13 23:09:25', '2023-12-13 23:09:25'),
(285, 3, 57, 16, 0, 0, '2023-12-13 23:09:25', '2023-12-13 23:09:25'),
(286, 3, 53, 17, 0, 0, '2023-12-13 23:09:25', '2023-12-13 23:09:25'),
(287, 3, 54, 17, 0, 0, '2023-12-13 23:09:25', '2023-12-13 23:09:25'),
(288, 3, 55, 17, 0, 0, '2023-12-13 23:09:25', '2023-12-13 23:09:25'),
(289, 3, 56, 17, 0, 0, '2023-12-13 23:09:25', '2023-12-13 23:09:25'),
(290, 3, 57, 17, 0, 0, '2023-12-13 23:09:25', '2023-12-13 23:09:25'),
(291, 3, 53, 18, 0, 0, '2023-12-13 23:09:25', '2023-12-13 23:09:25'),
(292, 3, 54, 18, 0, 0, '2023-12-13 23:09:25', '2023-12-13 23:09:25'),
(293, 3, 55, 18, 0, 0, '2023-12-13 23:09:25', '2023-12-13 23:09:25'),
(294, 3, 56, 18, 0, 0, '2023-12-13 23:09:25', '2023-12-13 23:09:25'),
(295, 3, 57, 18, 0, 0, '2023-12-13 23:09:25', '2023-12-13 23:09:25'),
(296, 3, 53, 19, 0, 0, '2023-12-13 23:09:25', '2023-12-13 23:09:25'),
(297, 3, 54, 19, 0, 0, '2023-12-13 23:09:25', '2023-12-13 23:09:25'),
(298, 3, 55, 19, 0, 0, '2023-12-13 23:09:25', '2023-12-13 23:09:25'),
(299, 3, 56, 19, 0, 0, '2023-12-13 23:09:25', '2023-12-13 23:09:25'),
(300, 3, 57, 19, 0, 0, '2023-12-13 23:09:25', '2023-12-13 23:09:25'),
(301, 3, 53, 20, 0, 0, '2023-12-13 23:09:25', '2023-12-13 23:09:25'),
(302, 3, 54, 20, 0, 0, '2023-12-13 23:09:25', '2023-12-13 23:09:25'),
(303, 3, 55, 20, 0, 0, '2023-12-13 23:09:25', '2023-12-13 23:09:25'),
(304, 3, 56, 20, 0, 0, '2023-12-13 23:09:25', '2023-12-13 23:09:25'),
(305, 3, 57, 20, 0, 0, '2023-12-13 23:09:25', '2023-12-13 23:09:25'),
(306, 3, 53, 21, 0, 0, '2023-12-13 23:09:25', '2023-12-13 23:09:25'),
(307, 3, 54, 21, 0, 0, '2023-12-13 23:09:25', '2023-12-13 23:09:25'),
(308, 3, 55, 21, 0, 0, '2023-12-13 23:09:25', '2023-12-13 23:09:25'),
(309, 3, 56, 21, 0, 0, '2023-12-13 23:09:25', '2023-12-13 23:09:25'),
(310, 3, 57, 21, 0, 0, '2023-12-13 23:09:25', '2023-12-13 23:09:25'),
(311, 3, 53, 22, 0, 0, '2023-12-13 23:09:26', '2023-12-13 23:09:26'),
(312, 3, 54, 22, 0, 0, '2023-12-13 23:09:26', '2023-12-13 23:09:26'),
(313, 3, 55, 22, 0, 0, '2023-12-13 23:09:26', '2023-12-13 23:09:26'),
(314, 3, 56, 22, 0, 0, '2023-12-13 23:09:26', '2023-12-13 23:09:26'),
(315, 3, 57, 22, 0, 0, '2023-12-13 23:09:26', '2023-12-13 23:09:26'),
(316, 3, 53, 23, 0, 0, '2023-12-13 23:09:26', '2023-12-13 23:09:26'),
(317, 3, 54, 23, 0, 0, '2023-12-13 23:09:26', '2023-12-13 23:09:26'),
(318, 3, 55, 23, 0, 0, '2023-12-13 23:09:26', '2023-12-13 23:09:26'),
(319, 3, 56, 23, 0, 0, '2023-12-13 23:09:26', '2023-12-13 23:09:26'),
(320, 3, 57, 23, 0, 0, '2023-12-13 23:09:26', '2023-12-13 23:09:26'),
(321, 3, 53, 24, 0, 0, '2023-12-13 23:09:26', '2023-12-13 23:09:26'),
(322, 3, 54, 24, 0, 0, '2023-12-13 23:09:26', '2023-12-13 23:09:26'),
(323, 3, 55, 24, 0, 0, '2023-12-13 23:09:26', '2023-12-13 23:09:26'),
(324, 3, 56, 24, 0, 0, '2023-12-13 23:09:26', '2023-12-13 23:09:26'),
(325, 3, 57, 24, 0, 0, '2023-12-13 23:09:26', '2023-12-13 23:09:26'),
(326, 3, 53, 25, 0, 0, '2023-12-13 23:09:26', '2023-12-13 23:09:26'),
(327, 3, 54, 25, 0, 0, '2023-12-13 23:09:26', '2023-12-13 23:09:26'),
(328, 3, 55, 25, 0, 0, '2023-12-13 23:09:26', '2023-12-13 23:09:26'),
(329, 3, 56, 25, 0, 0, '2023-12-13 23:09:26', '2023-12-13 23:09:26'),
(330, 3, 57, 25, 0, 0, '2023-12-13 23:09:26', '2023-12-13 23:09:26');

-- --------------------------------------------------------

--
-- Table structure for table `teams`
--

CREATE TABLE `teams` (
  `id` tinyint(3) UNSIGNED NOT NULL,
  `name` varchar(255) NOT NULL,
  `color` varchar(32) NOT NULL,
  `logo` varchar(255) DEFAULT NULL,
  `created_at` timestamp NOT NULL DEFAULT current_timestamp(),
  `updated_at` timestamp NOT NULL DEFAULT current_timestamp() ON UPDATE current_timestamp()
) ENGINE=InnoDB DEFAULT CHARSET=utf8mb4 COLLATE=utf8mb4_general_ci;

--
-- Dumping data for table `teams`
--

INSERT INTO `teams` (`id`, `name`, `color`, `logo`, `created_at`, `updated_at`) VALUES
(4, 'TVL 11', 'Senior High', '1702505600_aclc.jpg', '2023-12-13 22:05:33', '2023-12-13 22:13:20'),
(5, 'HUMSS 11-A', 'Senior High', '1702505605_aclc.jpg', '2023-12-13 22:06:26', '2023-12-13 22:13:25'),
(6, 'GAS 11-A', 'Senior High', '1702505594_aclc.jpg', '2023-12-13 22:11:46', '2023-12-13 22:13:14'),
(7, 'STEM 11-A', 'Senior High', '1702506123_aclc.jpg', '2023-12-13 22:22:03', '2023-12-13 22:22:03'),
(8, 'STEM 11-C', 'Senior High', '1702506140_aclc.jpg', '2023-12-13 22:22:20', '2023-12-13 22:22:20'),
(9, 'STEM 11-B', 'Senior High', '1702506161_aclc.jpg', '2023-12-13 22:22:36', '2023-12-13 22:22:41'),
(10, 'ABM 11-A', 'Senior High', '1702506207_aclc.jpg', '2023-12-13 22:23:27', '2023-12-13 22:23:27'),
(11, 'HUMSS 11-B', 'Senior High', '1702506225_aclc.jpg', '2023-12-13 22:23:45', '2023-12-13 22:23:45'),
(12, 'GAS 11-B', 'Senior High', '1702506244_aclc.jpg', '2023-12-13 22:24:04', '2023-12-13 22:24:04'),
(13, 'COLLEGE DEPARTMENT', 'College', '1702506307_aclc.jpg', '2023-12-13 22:25:07', '2023-12-13 22:25:07'),
(14, 'ABM 12-B', 'Senior High', '1702506342_aclc.jpg', '2023-12-13 22:25:42', '2023-12-13 22:25:42'),
(15, 'STEM 12-A', 'Senior High', '1702506355_aclc.jpg', '2023-12-13 22:25:55', '2023-12-13 22:25:55'),
(16, 'TVL 12', 'Senior High', '1702506371_aclc.jpg', '2023-12-13 22:26:11', '2023-12-13 22:26:11'),
(17, 'HUMSS 12-B', 'Senior High', '1702506393_aclc.jpg', '2023-12-13 22:26:33', '2023-12-13 22:26:33'),
(18, 'HUMSS 12-A', 'Senior High', '1702506417_aclc.jpg', '2023-12-13 22:26:57', '2023-12-13 22:26:57'),
(19, 'GAS 12-A', 'Senior High', '1702506438_aclc.jpg', '2023-12-13 22:27:18', '2023-12-13 22:27:18'),
(20, 'ABM 12-A', 'Senior High', '1702506465_aclc.jpg', '2023-12-13 22:27:45', '2023-12-13 22:27:45'),
(21, 'STEM 12-C', 'Senior High', '1702506482_aclc.jpg', '2023-12-13 22:28:02', '2023-12-13 22:28:02'),
(22, 'GAS 12-B', 'Senior High', '1702506520_aclc.jpg', '2023-12-13 22:28:40', '2023-12-13 22:28:40'),
(23, 'GAS 12-C', 'Senior High', '1702506541_aclc.jpg', '2023-12-13 22:29:01', '2023-12-13 22:29:01'),
(24, 'HUMSS 12-C', 'Senior High', '1702506563_aclc.jpg', '2023-12-13 22:29:23', '2023-12-13 22:29:23'),
(25, 'STEM 12-B', 'Senior High', '1702506584_aclc.jpg', '2023-12-13 22:29:44', '2023-12-13 22:29:44');

-- --------------------------------------------------------

--
-- Table structure for table `technicals`
--

CREATE TABLE `technicals` (
  `id` tinyint(3) UNSIGNED NOT NULL,
  `number` tinyint(3) UNSIGNED NOT NULL,
  `name` varchar(255) NOT NULL,
  `avatar` varchar(255) DEFAULT NULL,
  `username` varchar(255) NOT NULL,
  `password` varchar(255) NOT NULL,
  `active_portion` varchar(255) DEFAULT NULL,
  `called_at` timestamp NULL DEFAULT NULL,
  `pinged_at` timestamp NULL DEFAULT NULL,
  `created_at` timestamp NOT NULL DEFAULT current_timestamp(),
  `updated_at` timestamp NOT NULL DEFAULT current_timestamp() ON UPDATE current_timestamp()
) ENGINE=InnoDB DEFAULT CHARSET=utf8mb4 COLLATE=utf8mb4_general_ci;

--
-- Dumping data for table `technicals`
--

INSERT INTO `technicals` (`id`, `number`, `name`, `avatar`, `username`, `password`, `active_portion`, `called_at`, `pinged_at`, `created_at`, `updated_at`) VALUES
(1, 1, 'TECHNICAL O1', 'no-avatar.jpg', 'technical01', 'technical01', NULL, NULL, NULL, '2023-02-19 08:58:58', '2023-02-26 06:04:50');

-- --------------------------------------------------------

--
-- Table structure for table `technical_event`
--

CREATE TABLE `technical_event` (
  `id` tinyint(3) UNSIGNED NOT NULL,
  `technical_id` tinyint(3) UNSIGNED NOT NULL,
  `event_id` smallint(5) UNSIGNED NOT NULL,
  `created_at` timestamp NOT NULL DEFAULT current_timestamp(),
  `updated_at` timestamp NOT NULL DEFAULT current_timestamp() ON UPDATE current_timestamp()
) ENGINE=InnoDB DEFAULT CHARSET=utf8mb4 COLLATE=utf8mb4_general_ci;

-- --------------------------------------------------------

--
-- Table structure for table `titles`
--

CREATE TABLE `titles` (
  `id` smallint(5) UNSIGNED NOT NULL,
  `event_id` smallint(5) UNSIGNED NOT NULL,
  `rank` tinyint(3) UNSIGNED NOT NULL,
  `title` varchar(255) NOT NULL,
  `created_at` timestamp NOT NULL DEFAULT current_timestamp(),
  `updated_at` timestamp NOT NULL DEFAULT current_timestamp() ON UPDATE current_timestamp()
) ENGINE=InnoDB DEFAULT CHARSET=utf8mb4 COLLATE=utf8mb4_general_ci;

--
-- Dumping data for table `titles`
--

INSERT INTO `titles` (`id`, `event_id`, `rank`, `title`, `created_at`, `updated_at`) VALUES
(1, 12, 1, '', '2023-12-13 22:05:34', '2023-12-13 22:05:34'),
(2, 12, 2, '', '2023-12-13 22:06:28', '2023-12-13 22:06:28'),
(3, 12, 3, '', '2023-12-13 22:11:46', '2023-12-13 22:11:46'),
(4, 12, 4, '', '2023-12-13 22:29:54', '2023-12-13 22:29:54'),
(5, 12, 5, '', '2023-12-13 22:29:54', '2023-12-13 22:29:54'),
(6, 12, 6, '', '2023-12-13 22:29:54', '2023-12-13 22:29:54'),
(7, 12, 7, '', '2023-12-13 22:29:54', '2023-12-13 22:29:54'),
(8, 12, 8, '', '2023-12-13 22:29:54', '2023-12-13 22:29:54'),
(9, 12, 9, '', '2023-12-13 22:29:54', '2023-12-13 22:29:54'),
(10, 12, 10, '', '2023-12-13 22:29:54', '2023-12-13 22:29:54'),
(11, 12, 11, '', '2023-12-13 22:29:54', '2023-12-13 22:29:54'),
(12, 12, 12, '', '2023-12-13 22:29:54', '2023-12-13 22:29:54'),
(13, 12, 13, '', '2023-12-13 22:29:54', '2023-12-13 22:29:54'),
(14, 12, 14, '', '2023-12-13 22:29:54', '2023-12-13 22:29:54'),
(15, 12, 15, '', '2023-12-13 22:29:54', '2023-12-13 22:29:54'),
(16, 12, 16, '', '2023-12-13 22:29:54', '2023-12-13 22:29:54'),
(17, 12, 17, '', '2023-12-13 22:29:54', '2023-12-13 22:29:54'),
(18, 12, 18, '', '2023-12-13 22:29:54', '2023-12-13 22:29:54'),
(19, 12, 19, '', '2023-12-13 22:29:54', '2023-12-13 22:29:54'),
(20, 12, 20, '', '2023-12-13 22:29:54', '2023-12-13 22:29:54'),
(21, 12, 21, '', '2023-12-13 22:29:54', '2023-12-13 22:29:54'),
(22, 12, 22, '', '2023-12-13 22:29:54', '2023-12-13 22:29:54');

--
-- Indexes for dumped tables
--

--
-- Indexes for table `admins`
--
ALTER TABLE `admins`
  ADD PRIMARY KEY (`id`);

--
-- Indexes for table `arrangements`
--
ALTER TABLE `arrangements`
  ADD PRIMARY KEY (`id`),
  ADD KEY `event_id` (`event_id`),
  ADD KEY `team_id` (`team_id`);

--
-- Indexes for table `categories`
--
ALTER TABLE `categories`
  ADD PRIMARY KEY (`id`),
  ADD KEY `competition_id` (`competition_id`);

--
-- Indexes for table `competitions`
--
ALTER TABLE `competitions`
  ADD PRIMARY KEY (`id`);

--
-- Indexes for table `criteria`
--
ALTER TABLE `criteria`
  ADD PRIMARY KEY (`id`),
  ADD KEY `event_id` (`event_id`);

--
-- Indexes for table `deductions`
--
ALTER TABLE `deductions`
  ADD PRIMARY KEY (`id`),
  ADD KEY `judge_id` (`technical_id`),
  ADD KEY `team_id` (`team_id`),
  ADD KEY `event_id` (`event_id`);

--
-- Indexes for table `eliminations`
--
ALTER TABLE `eliminations`
  ADD PRIMARY KEY (`id`),
  ADD KEY `event_id` (`event_id`),
  ADD KEY `team_id` (`team_id`);

--
-- Indexes for table `events`
--
ALTER TABLE `events`
  ADD PRIMARY KEY (`id`),
  ADD KEY `area_id` (`category_id`);

--
-- Indexes for table `judges`
--
ALTER TABLE `judges`
  ADD PRIMARY KEY (`id`);

--
-- Indexes for table `judge_event`
--
ALTER TABLE `judge_event`
  ADD PRIMARY KEY (`id`),
  ADD KEY `judge_id` (`judge_id`),
  ADD KEY `event_id` (`event_id`);

--
-- Indexes for table `noshows`
--
ALTER TABLE `noshows`
  ADD PRIMARY KEY (`id`),
  ADD KEY `event_id` (`event_id`),
  ADD KEY `team_id` (`team_id`);

--
-- Indexes for table `participants`
--
ALTER TABLE `participants`
  ADD PRIMARY KEY (`id`),
  ADD KEY `team_id` (`team_id`),
  ADD KEY `event_id` (`event_id`);

--
-- Indexes for table `points`
--
ALTER TABLE `points`
  ADD PRIMARY KEY (`id`),
  ADD KEY `event_id` (`event_id`);

--
-- Indexes for table `ratings`
--
ALTER TABLE `ratings`
  ADD PRIMARY KEY (`id`),
  ADD KEY `judge_id` (`judge_id`),
  ADD KEY `team_id` (`team_id`),
  ADD KEY `criteria_id` (`criteria_id`);

--
-- Indexes for table `teams`
--
ALTER TABLE `teams`
  ADD PRIMARY KEY (`id`);

--
-- Indexes for table `technicals`
--
ALTER TABLE `technicals`
  ADD PRIMARY KEY (`id`);

--
-- Indexes for table `technical_event`
--
ALTER TABLE `technical_event`
  ADD PRIMARY KEY (`id`),
  ADD KEY `judge_id` (`technical_id`),
  ADD KEY `event_id` (`event_id`);

--
-- Indexes for table `titles`
--
ALTER TABLE `titles`
  ADD PRIMARY KEY (`id`),
  ADD KEY `event_id` (`event_id`);

--
-- AUTO_INCREMENT for dumped tables
--

--
-- AUTO_INCREMENT for table `admins`
--
ALTER TABLE `admins`
  MODIFY `id` tinyint(3) UNSIGNED NOT NULL AUTO_INCREMENT, AUTO_INCREMENT=2;

--
-- AUTO_INCREMENT for table `arrangements`
--
ALTER TABLE `arrangements`
  MODIFY `id` smallint(5) UNSIGNED NOT NULL AUTO_INCREMENT;

--
-- AUTO_INCREMENT for table `categories`
--
ALTER TABLE `categories`
  MODIFY `id` tinyint(3) UNSIGNED NOT NULL AUTO_INCREMENT, AUTO_INCREMENT=7;

--
-- AUTO_INCREMENT for table `competitions`
--
ALTER TABLE `competitions`
  MODIFY `id` tinyint(3) UNSIGNED NOT NULL AUTO_INCREMENT, AUTO_INCREMENT=4;

--
-- AUTO_INCREMENT for table `criteria`
--
ALTER TABLE `criteria`
  MODIFY `id` smallint(5) UNSIGNED NOT NULL AUTO_INCREMENT, AUTO_INCREMENT=58;

--
-- AUTO_INCREMENT for table `deductions`
--
ALTER TABLE `deductions`
  MODIFY `id` mediumint(8) UNSIGNED NOT NULL AUTO_INCREMENT;

--
-- AUTO_INCREMENT for table `eliminations`
--
ALTER TABLE `eliminations`
  MODIFY `id` mediumint(8) UNSIGNED NOT NULL AUTO_INCREMENT;

--
-- AUTO_INCREMENT for table `events`
--
ALTER TABLE `events`
  MODIFY `id` smallint(5) UNSIGNED NOT NULL AUTO_INCREMENT, AUTO_INCREMENT=13;

--
-- AUTO_INCREMENT for table `judges`
--
ALTER TABLE `judges`
  MODIFY `id` tinyint(3) UNSIGNED NOT NULL AUTO_INCREMENT, AUTO_INCREMENT=6;

--
-- AUTO_INCREMENT for table `judge_event`
--
ALTER TABLE `judge_event`
  MODIFY `id` tinyint(3) UNSIGNED NOT NULL AUTO_INCREMENT, AUTO_INCREMENT=59;

--
-- AUTO_INCREMENT for table `noshows`
--
ALTER TABLE `noshows`
  MODIFY `id` smallint(5) UNSIGNED NOT NULL AUTO_INCREMENT;

--
-- AUTO_INCREMENT for table `participants`
--
ALTER TABLE `participants`
  MODIFY `id` smallint(5) UNSIGNED NOT NULL AUTO_INCREMENT;

--
-- AUTO_INCREMENT for table `points`
--
ALTER TABLE `points`
  MODIFY `id` smallint(5) UNSIGNED NOT NULL AUTO_INCREMENT, AUTO_INCREMENT=23;

--
-- AUTO_INCREMENT for table `ratings`
--
ALTER TABLE `ratings`
  MODIFY `id` mediumint(8) UNSIGNED NOT NULL AUTO_INCREMENT, AUTO_INCREMENT=331;

--
-- AUTO_INCREMENT for table `teams`
--
ALTER TABLE `teams`
  MODIFY `id` tinyint(3) UNSIGNED NOT NULL AUTO_INCREMENT, AUTO_INCREMENT=26;

--
-- AUTO_INCREMENT for table `technicals`
--
ALTER TABLE `technicals`
  MODIFY `id` tinyint(3) UNSIGNED NOT NULL AUTO_INCREMENT, AUTO_INCREMENT=2;

--
-- AUTO_INCREMENT for table `technical_event`
--
ALTER TABLE `technical_event`
  MODIFY `id` tinyint(3) UNSIGNED NOT NULL AUTO_INCREMENT, AUTO_INCREMENT=12;

--
-- AUTO_INCREMENT for table `titles`
--
ALTER TABLE `titles`
  MODIFY `id` smallint(5) UNSIGNED NOT NULL AUTO_INCREMENT, AUTO_INCREMENT=23;

--
-- Constraints for dumped tables
--

--
-- Constraints for table `arrangements`
--
ALTER TABLE `arrangements`
  ADD CONSTRAINT `arrangements_ibfk_1` FOREIGN KEY (`team_id`) REFERENCES `teams` (`id`) ON DELETE CASCADE ON UPDATE CASCADE,
  ADD CONSTRAINT `arrangements_ibfk_2` FOREIGN KEY (`event_id`) REFERENCES `events` (`id`) ON DELETE CASCADE ON UPDATE CASCADE;

--
-- Constraints for table `categories`
--
ALTER TABLE `categories`
  ADD CONSTRAINT `categories_ibfk_1` FOREIGN KEY (`competition_id`) REFERENCES `competitions` (`id`) ON UPDATE CASCADE;

--
-- Constraints for table `criteria`
--
ALTER TABLE `criteria`
  ADD CONSTRAINT `criteria_ibfk_1` FOREIGN KEY (`event_id`) REFERENCES `events` (`id`) ON UPDATE CASCADE;

--
-- Constraints for table `deductions`
--
ALTER TABLE `deductions`
  ADD CONSTRAINT `deductions_ibfk_1` FOREIGN KEY (`event_id`) REFERENCES `events` (`id`) ON DELETE CASCADE ON UPDATE CASCADE,
  ADD CONSTRAINT `deductions_ibfk_2` FOREIGN KEY (`team_id`) REFERENCES `teams` (`id`) ON DELETE CASCADE ON UPDATE CASCADE,
  ADD CONSTRAINT `deductions_ibfk_3` FOREIGN KEY (`technical_id`) REFERENCES `technicals` (`id`) ON DELETE CASCADE ON UPDATE CASCADE;

--
-- Constraints for table `eliminations`
--
ALTER TABLE `eliminations`
  ADD CONSTRAINT `eliminations_ibfk_1` FOREIGN KEY (`event_id`) REFERENCES `events` (`id`) ON DELETE CASCADE ON UPDATE CASCADE,
  ADD CONSTRAINT `eliminations_ibfk_2` FOREIGN KEY (`team_id`) REFERENCES `teams` (`id`) ON DELETE CASCADE ON UPDATE CASCADE;

--
-- Constraints for table `events`
--
ALTER TABLE `events`
  ADD CONSTRAINT `events_ibfk_1` FOREIGN KEY (`category_id`) REFERENCES `categories` (`id`) ON UPDATE CASCADE;

--
-- Constraints for table `judge_event`
--
ALTER TABLE `judge_event`
  ADD CONSTRAINT `judge_event_ibfk_1` FOREIGN KEY (`judge_id`) REFERENCES `judges` (`id`) ON DELETE CASCADE ON UPDATE CASCADE,
  ADD CONSTRAINT `judge_event_ibfk_2` FOREIGN KEY (`event_id`) REFERENCES `events` (`id`) ON DELETE CASCADE ON UPDATE CASCADE;

--
-- Constraints for table `noshows`
--
ALTER TABLE `noshows`
  ADD CONSTRAINT `noshows_ibfk_1` FOREIGN KEY (`event_id`) REFERENCES `events` (`id`) ON DELETE CASCADE ON UPDATE CASCADE,
  ADD CONSTRAINT `noshows_ibfk_2` FOREIGN KEY (`team_id`) REFERENCES `teams` (`id`) ON DELETE CASCADE ON UPDATE CASCADE;

--
-- Constraints for table `participants`
--
ALTER TABLE `participants`
  ADD CONSTRAINT `participants_ibfk_1` FOREIGN KEY (`team_id`) REFERENCES `teams` (`id`) ON DELETE CASCADE ON UPDATE CASCADE,
  ADD CONSTRAINT `participants_ibfk_2` FOREIGN KEY (`event_id`) REFERENCES `events` (`id`) ON DELETE CASCADE ON UPDATE CASCADE;

--
-- Constraints for table `points`
--
ALTER TABLE `points`
  ADD CONSTRAINT `points_ibfk_1` FOREIGN KEY (`event_id`) REFERENCES `events` (`id`) ON DELETE CASCADE ON UPDATE CASCADE;

--
-- Constraints for table `ratings`
--
ALTER TABLE `ratings`
  ADD CONSTRAINT `ratings_ibfk_1` FOREIGN KEY (`criteria_id`) REFERENCES `criteria` (`id`) ON DELETE CASCADE ON UPDATE CASCADE,
  ADD CONSTRAINT `ratings_ibfk_2` FOREIGN KEY (`team_id`) REFERENCES `teams` (`id`) ON DELETE CASCADE ON UPDATE CASCADE,
  ADD CONSTRAINT `ratings_ibfk_3` FOREIGN KEY (`judge_id`) REFERENCES `judges` (`id`) ON DELETE CASCADE ON UPDATE CASCADE;

--
-- Constraints for table `technical_event`
--
ALTER TABLE `technical_event`
  ADD CONSTRAINT `technical_event_ibfk_2` FOREIGN KEY (`technical_id`) REFERENCES `technicals` (`id`) ON DELETE CASCADE ON UPDATE CASCADE,
  ADD CONSTRAINT `technical_event_ibfk_3` FOREIGN KEY (`event_id`) REFERENCES `events` (`id`) ON DELETE CASCADE ON UPDATE CASCADE;

--
-- Constraints for table `titles`
--
ALTER TABLE `titles`
  ADD CONSTRAINT `titles_ibfk_1` FOREIGN KEY (`event_id`) REFERENCES `events` (`id`) ON DELETE CASCADE ON UPDATE CASCADE;
COMMIT;

/*!40101 SET CHARACTER_SET_CLIENT=@OLD_CHARACTER_SET_CLIENT */;
/*!40101 SET CHARACTER_SET_RESULTS=@OLD_CHARACTER_SET_RESULTS */;
/*!40101 SET COLLATION_CONNECTION=@OLD_COLLATION_CONNECTION */;
